[{"Username":"cosimochellini","Nome":"cosimo","Cognome":"chellini","ContText":62,"ContAudio":0,"ContImg":0,"ContSticker":0,"Id":17628423},{"Username":"gabrielevillani","Nome":"gabriele","Cognome":"villani","ContText":2,"ContAudio":0,"ContImg":0,"ContSticker":0,"Id":348804848},{"Username":"giulioguidotti","Nome":"giulio","Cognome":"guidotti","ContText":10,"ContAudio":0,"ContImg":0,"ContSticker":0,"Id":161644758},{"Username":"cecche96","Nome":"gabriele","Cognome":"ceccherini","ContText":11,"ContAudio":0,"ContImg":0,"ContSticker":0,"Id":367331537},{"Username":"leodaveenchy","Nome":"arturo","Cognome":"romanelli","ContText":6,"ContAudio":0,"ContImg":0,"ContSticker":0,"Id":296863433},{"Username":"","Nome":"filippo","Cognome":"somigli","ContText":1,"ContAudio":0,"ContImg":0,"ContSticker":0,"Id":349683728},{"Username":"","Nome":"diego","Cognome":"landi","ContText":7,"ContAudio":0,"ContImg":0,"ContSticker":0,"Id":359055319}]